Program, Account Number, Account Name, Facility ID (ORISPL), Unit ID, State, EPA Region, NERC Region, Source Category, Operating Status, Owner, Representative (Primary), Representative (Secondary), Account Type, Allowance Vintage Year, Serial Number Start, Serial Number End, Block Totals
"ARP","000568FACLTY","Bridgeport Harbor Station","568",,"CT","1","NPCC",,,"PSEG Power Connecticut, LLC (Operator)<br>PSEG Power Connecticut, LLC (Owner)","Vincent Fiumidinisi (608753)","Mark F Strickland (603622)","Facility Account","2013","679619","679626","8",
"ARP","000568FACLTY","Bridgeport Harbor Station","568",,"CT","1","NPCC",,,"PSEG Power Connecticut, LLC (Operator)<br>PSEG Power Connecticut, LLC (Owner)","Vincent Fiumidinisi (608753)","Mark F Strickland (603622)","Facility Account","2013","679627","679643","17",
"ARP","000568FACLTY","Bridgeport Harbor Station","568",,"CT","1","NPCC",,,"PSEG Power Connecticut, LLC (Operator)<br>PSEG Power Connecticut, LLC (Owner)","Vincent Fiumidinisi (608753)","Mark F Strickland (603622)","Facility Account","2013","679644","679685","42",
"ARP","000568FACLTY","Bridgeport Harbor Station","568",,"CT","1","NPCC",,,"PSEG Power Connecticut, LLC (Operator)<br>PSEG Power Connecticut, LLC (Owner)","Vincent Fiumidinisi (608753)","Mark F Strickland (603622)","Facility Account","2013","955166","957947","2782",
"ARP","000568FACLTY","Bridgeport Harbor Station","568",,"CT","1","NPCC",,,"PSEG Power Connecticut, LLC (Operator)<br>PSEG Power Connecticut, LLC (Owner)","Vincent Fiumidinisi (608753)","Mark F Strickland (603622)","Facility Account","2013","957948","969406","11459",
"ARP","000568FACLTY","Bridgeport Harbor Station","568",,"CT","1","NPCC",,,"PSEG Power Connecticut, LLC (Operator)<br>PSEG Power Connecticut, LLC (Owner)","Vincent Fiumidinisi (608753)","Mark F Strickland (603622)","Facility Account","2014","679619","679626","8",
"ARP","000568FACLTY","Bridgeport Harbor Station","568",,"CT","1","NPCC",,,"PSEG Power Connecticut, LLC (Operator)<br>PSEG Power Connecticut, LLC (Owner)","Vincent Fiumidinisi (608753)","Mark F Strickland (603622)","Facility Account","2014","679627","679643","17",
"ARP","000568FACLTY","Bridgeport Harbor Station","568",,"CT","1","NPCC",,,"PSEG Power Connecticut, LLC (Operator)<br>PSEG Power Connecticut, LLC (Owner)","Vincent Fiumidinisi (608753)","Mark F Strickland (603622)","Facility Account","2014","679644","679685","42",
"ARP","000568FACLTY","Bridgeport Harbor Station","568",,"CT","1","NPCC",,,"PSEG Power Connecticut, LLC (Operator)<br>PSEG Power Connecticut, LLC (Owner)","Vincent Fiumidinisi (608753)","Mark F Strickland (603622)","Facility Account","2014","952078","953229","1152",
"ARP","000568FACLTY","Bridgeport Harbor Station","568",,"CT","1","NPCC",,,"PSEG Power Connecticut, LLC (Operator)<br>PSEG Power Connecticut, LLC (Owner)","Vincent Fiumidinisi (608753)","Mark F Strickland (603622)","Facility Account","2014","953230","957947","4718",
"ARP","000568FACLTY","Bridgeport Harbor Station","568",,"CT","1","NPCC",,,"PSEG Power Connecticut, LLC (Operator)<br>PSEG Power Connecticut, LLC (Owner)","Vincent Fiumidinisi (608753)","Mark F Strickland (603622)","Facility Account","2014","957948","969406","11459",
"ARP","000568FACLTY","Bridgeport Harbor Station","568",,"CT","1","NPCC",,,"PSEG Power Connecticut, LLC (Operator)<br>PSEG Power Connecticut, LLC (Owner)","Vincent Fiumidinisi (608753)","Mark F Strickland (603622)","Facility Account","2015","679619","679626","8",
"ARP","000568FACLTY","Bridgeport Harbor Station","568",,"CT","1","NPCC",,,"PSEG Power Connecticut, LLC (Operator)<br>PSEG Power Connecticut, LLC (Owner)","Vincent Fiumidinisi (608753)","Mark F Strickland (603622)","Facility Account","2015","679627","679643","17",
"ARP","000568FACLTY","Bridgeport Harbor Station","568",,"CT","1","NPCC",,,"PSEG Power Connecticut, LLC (Operator)<br>PSEG Power Connecticut, LLC (Owner)","Vincent Fiumidinisi (608753)","Mark F Strickland (603622)","Facility Account","2015","679644","679685","42",
"ARP","000568FACLTY","Bridgeport Harbor Station","568",,"CT","1","NPCC",,,"PSEG Power Connecticut, LLC (Operator)<br>PSEG Power Connecticut, LLC (Owner)","Vincent Fiumidinisi (608753)","Mark F Strickland (603622)","Facility Account","2015","951864","953229","1366",
"ARP","000568FACLTY","Bridgeport Harbor Station","568",,"CT","1","NPCC",,,"PSEG Power Connecticut, LLC (Operator)<br>PSEG Power Connecticut, LLC (Owner)","Vincent Fiumidinisi (608753)","Mark F Strickland (603622)","Facility Account","2015","953230","957947","4718",
"ARP","000568FACLTY","Bridgeport Harbor Station","568",,"CT","1","NPCC",,,"PSEG Power Connecticut, LLC (Operator)<br>PSEG Power Connecticut, LLC (Owner)","Vincent Fiumidinisi (608753)","Mark F Strickland (603622)","Facility Account","2015","957948","969406","11459",
"ARP","000568FACLTY","Bridgeport Harbor Station","568",,"CT","1","NPCC",,,"PSEG Power Connecticut, LLC (Operator)<br>PSEG Power Connecticut, LLC (Owner)","Vincent Fiumidinisi (608753)","Mark F Strickland (603622)","Facility Account","2016","679619","679626","8",
"ARP","000568FACLTY","Bridgeport Harbor Station","568",,"CT","1","NPCC",,,"PSEG Power Connecticut, LLC (Operator)<br>PSEG Power Connecticut, LLC (Owner)","Vincent Fiumidinisi (608753)","Mark F Strickland (603622)","Facility Account","2016","679627","679643","17",
"ARP","000568FACLTY","Bridgeport Harbor Station","568",,"CT","1","NPCC",,,"PSEG Power Connecticut, LLC (Operator)<br>PSEG Power Connecticut, LLC (Owner)","Vincent Fiumidinisi (608753)","Mark F Strickland (603622)","Facility Account","2016","679644","679685","42",
"ARP","000568FACLTY","Bridgeport Harbor Station","568",,"CT","1","NPCC",,,"PSEG Power Connecticut, LLC (Operator)<br>PSEG Power Connecticut, LLC (Owner)","Vincent Fiumidinisi (608753)","Mark F Strickland (603622)","Facility Account","2016","951395","953229","1835",
"ARP","000568FACLTY","Bridgeport Harbor Station","568",,"CT","1","NPCC",,,"PSEG Power Connecticut, LLC (Operator)<br>PSEG Power Connecticut, LLC (Owner)","Vincent Fiumidinisi (608753)","Mark F Strickland (603622)","Facility Account","2016","953230","957947","4718",
"ARP","000568FACLTY","Bridgeport Harbor Station","568",,"CT","1","NPCC",,,"PSEG Power Connecticut, LLC (Operator)<br>PSEG Power Connecticut, LLC (Owner)","Vincent Fiumidinisi (608753)","Mark F Strickland (603622)","Facility Account","2016","957948","969406","11459",
"ARP","000568FACLTY","Bridgeport Harbor Station","568",,"CT","1","NPCC",,,"PSEG Power Connecticut, LLC (Operator)<br>PSEG Power Connecticut, LLC (Owner)","Vincent Fiumidinisi (608753)","Mark F Strickland (603622)","Facility Account","2017","679619","679626","8",
"ARP","000568FACLTY","Bridgeport Harbor Station","568",,"CT","1","NPCC",,,"PSEG Power Connecticut, LLC (Operator)<br>PSEG Power Connecticut, LLC (Owner)","Vincent Fiumidinisi (608753)","Mark F Strickland (603622)","Facility Account","2017","679627","679643","17",
"ARP","000568FACLTY","Bridgeport Harbor Station","568",,"CT","1","NPCC",,,"PSEG Power Connecticut, LLC (Operator)<br>PSEG Power Connecticut, LLC (Owner)","Vincent Fiumidinisi (608753)","Mark F Strickland (603622)","Facility Account","2017","679644","679685","42",
"ARP","000568FACLTY","Bridgeport Harbor Station","568",,"CT","1","NPCC",,,"PSEG Power Connecticut, LLC (Operator)<br>PSEG Power Connecticut, LLC (Owner)","Vincent Fiumidinisi (608753)","Mark F Strickland (603622)","Facility Account","2017","951385","953229","1845",
"ARP","000568FACLTY","Bridgeport Harbor Station","568",,"CT","1","NPCC",,,"PSEG Power Connecticut, LLC (Operator)<br>PSEG Power Connecticut, LLC (Owner)","Vincent Fiumidinisi (608753)","Mark F Strickland (603622)","Facility Account","2017","953230","957947","4718",
"ARP","000568FACLTY","Bridgeport Harbor Station","568",,"CT","1","NPCC",,,"PSEG Power Connecticut, LLC (Operator)<br>PSEG Power Connecticut, LLC (Owner)","Vincent Fiumidinisi (608753)","Mark F Strickland (603622)","Facility Account","2017","957948","969406","11459",
"ARP","000568FACLTY","Bridgeport Harbor Station","568",,"CT","1","NPCC",,,"PSEG Power Connecticut, LLC (Operator)<br>PSEG Power Connecticut, LLC (Owner)","Vincent Fiumidinisi (608753)","Mark F Strickland (603622)","Facility Account","2018","679619","679626","8",
"ARP","000568FACLTY","Bridgeport Harbor Station","568",,"CT","1","NPCC",,,"PSEG Power Connecticut, LLC (Operator)<br>PSEG Power Connecticut, LLC (Owner)","Vincent Fiumidinisi (608753)","Mark F Strickland (603622)","Facility Account","2018","679627","679643","17",
"ARP","000568FACLTY","Bridgeport Harbor Station","568",,"CT","1","NPCC",,,"PSEG Power Connecticut, LLC (Operator)<br>PSEG Power Connecticut, LLC (Owner)","Vincent Fiumidinisi (608753)","Mark F Strickland (603622)","Facility Account","2018","679644","679685","42",
"ARP","000568FACLTY","Bridgeport Harbor Station","568",,"CT","1","NPCC",,,"PSEG Power Connecticut, LLC (Operator)<br>PSEG Power Connecticut, LLC (Owner)","Vincent Fiumidinisi (608753)","Mark F Strickland (603622)","Facility Account","2018","951505","953229","1725",
"ARP","000568FACLTY","Bridgeport Harbor Station","568",,"CT","1","NPCC",,,"PSEG Power Connecticut, LLC (Operator)<br>PSEG Power Connecticut, LLC (Owner)","Vincent Fiumidinisi (608753)","Mark F Strickland (603622)","Facility Account","2018","953230","957947","4718",
"ARP","000568FACLTY","Bridgeport Harbor Station","568",,"CT","1","NPCC",,,"PSEG Power Connecticut, LLC (Operator)<br>PSEG Power Connecticut, LLC (Owner)","Vincent Fiumidinisi (608753)","Mark F Strickland (603622)","Facility Account","2018","957948","969406","11459",
"ARP","000568FACLTY","Bridgeport Harbor Station","568",,"CT","1","NPCC",,,"PSEG Power Connecticut, LLC (Operator)<br>PSEG Power Connecticut, LLC (Owner)","Vincent Fiumidinisi (608753)","Mark F Strickland (603622)","Facility Account","2019","679619","679626","8",
"ARP","000568FACLTY","Bridgeport Harbor Station","568",,"CT","1","NPCC",,,"PSEG Power Connecticut, LLC (Operator)<br>PSEG Power Connecticut, LLC (Owner)","Vincent Fiumidinisi (608753)","Mark F Strickland (603622)","Facility Account","2019","679627","679643","17",
"ARP","000568FACLTY","Bridgeport Harbor Station","568",,"CT","1","NPCC",,,"PSEG Power Connecticut, LLC (Operator)<br>PSEG Power Connecticut, LLC (Owner)","Vincent Fiumidinisi (608753)","Mark F Strickland (603622)","Facility Account","2019","679644","679685","42",
"ARP","000568FACLTY","Bridgeport Harbor Station","568",,"CT","1","NPCC",,,"PSEG Power Connecticut, LLC (Operator)<br>PSEG Power Connecticut, LLC (Owner)","Vincent Fiumidinisi (608753)","Mark F Strickland (603622)","Facility Account","2019","951156","953229","2074",
"ARP","000568FACLTY","Bridgeport Harbor Station","568",,"CT","1","NPCC",,,"PSEG Power Connecticut, LLC (Operator)<br>PSEG Power Connecticut, LLC (Owner)","Vincent Fiumidinisi (608753)","Mark F Strickland (603622)","Facility Account","2019","953230","957947","4718",
"ARP","000568FACLTY","Bridgeport Harbor Station","568",,"CT","1","NPCC",,,"PSEG Power Connecticut, LLC (Operator)<br>PSEG Power Connecticut, LLC (Owner)","Vincent Fiumidinisi (608753)","Mark F Strickland (603622)","Facility Account","2019","957948","969406","11459",
"ARP","000568FACLTY","Bridgeport Harbor Station","568",,"CT","1","NPCC",,,"PSEG Power Connecticut, LLC (Operator)<br>PSEG Power Connecticut, LLC (Owner)","Vincent Fiumidinisi (608753)","Mark F Strickland (603622)","Facility Account","2020","679619","679626","8",
"ARP","000568FACLTY","Bridgeport Harbor Station","568",,"CT","1","NPCC",,,"PSEG Power Connecticut, LLC (Operator)<br>PSEG Power Connecticut, LLC (Owner)","Vincent Fiumidinisi (608753)","Mark F Strickland (603622)","Facility Account","2020","679627","679643","17",
"ARP","000568FACLTY","Bridgeport Harbor Station","568",,"CT","1","NPCC",,,"PSEG Power Connecticut, LLC (Operator)<br>PSEG Power Connecticut, LLC (Owner)","Vincent Fiumidinisi (608753)","Mark F Strickland (603622)","Facility Account","2020","679644","679685","42",
"ARP","000568FACLTY","Bridgeport Harbor Station","568",,"CT","1","NPCC",,,"PSEG Power Connecticut, LLC (Operator)<br>PSEG Power Connecticut, LLC (Owner)","Vincent Fiumidinisi (608753)","Mark F Strickland (603622)","Facility Account","2020","951156","953229","2074",
"ARP","000568FACLTY","Bridgeport Harbor Station","568",,"CT","1","NPCC",,,"PSEG Power Connecticut, LLC (Operator)<br>PSEG Power Connecticut, LLC (Owner)","Vincent Fiumidinisi (608753)","Mark F Strickland (603622)","Facility Account","2020","953230","957947","4718",
"ARP","000568FACLTY","Bridgeport Harbor Station","568",,"CT","1","NPCC",,,"PSEG Power Connecticut, LLC (Operator)<br>PSEG Power Connecticut, LLC (Owner)","Vincent Fiumidinisi (608753)","Mark F Strickland (603622)","Facility Account","2020","957948","969406","11459",
"ARP","000568FACLTY","Bridgeport Harbor Station","568",,"CT","1","NPCC",,,"PSEG Power Connecticut, LLC (Operator)<br>PSEG Power Connecticut, LLC (Owner)","Vincent Fiumidinisi (608753)","Mark F Strickland (603622)","Facility Account","2021","679619","679626","8",
"ARP","000568FACLTY","Bridgeport Harbor Station","568",,"CT","1","NPCC",,,"PSEG Power Connecticut, LLC (Operator)<br>PSEG Power Connecticut, LLC (Owner)","Vincent Fiumidinisi (608753)","Mark F Strickland (603622)","Facility Account","2021","679627","679643","17",
"ARP","000568FACLTY","Bridgeport Harbor Station","568",,"CT","1","NPCC",,,"PSEG Power Connecticut, LLC (Operator)<br>PSEG Power Connecticut, LLC (Owner)","Vincent Fiumidinisi (608753)","Mark F Strickland (603622)","Facility Account","2021","679644","679685","42",
"ARP","000568FACLTY","Bridgeport Harbor Station","568",,"CT","1","NPCC",,,"PSEG Power Connecticut, LLC (Operator)<br>PSEG Power Connecticut, LLC (Owner)","Vincent Fiumidinisi (608753)","Mark F Strickland (603622)","Facility Account","2021","951156","953229","2074",
"ARP","000568FACLTY","Bridgeport Harbor Station","568",,"CT","1","NPCC",,,"PSEG Power Connecticut, LLC (Operator)<br>PSEG Power Connecticut, LLC (Owner)","Vincent Fiumidinisi (608753)","Mark F Strickland (603622)","Facility Account","2021","953230","957947","4718",
"ARP","000568FACLTY","Bridgeport Harbor Station","568",,"CT","1","NPCC",,,"PSEG Power Connecticut, LLC (Operator)<br>PSEG Power Connecticut, LLC (Owner)","Vincent Fiumidinisi (608753)","Mark F Strickland (603622)","Facility Account","2021","957948","969406","11459",
"ARP","000568FACLTY","Bridgeport Harbor Station","568",,"CT","1","NPCC",,,"PSEG Power Connecticut, LLC (Operator)<br>PSEG Power Connecticut, LLC (Owner)","Vincent Fiumidinisi (608753)","Mark F Strickland (603622)","Facility Account","2022","679619","679626","8",
"ARP","000568FACLTY","Bridgeport Harbor Station","568",,"CT","1","NPCC",,,"PSEG Power Connecticut, LLC (Operator)<br>PSEG Power Connecticut, LLC (Owner)","Vincent Fiumidinisi (608753)","Mark F Strickland (603622)","Facility Account","2022","679627","679643","17",
"ARP","000568FACLTY","Bridgeport Harbor Station","568",,"CT","1","NPCC",,,"PSEG Power Connecticut, LLC (Operator)<br>PSEG Power Connecticut, LLC (Owner)","Vincent Fiumidinisi (608753)","Mark F Strickland (603622)","Facility Account","2022","679644","679685","42",
"ARP","000568FACLTY","Bridgeport Harbor Station","568",,"CT","1","NPCC",,,"PSEG Power Connecticut, LLC (Operator)<br>PSEG Power Connecticut, LLC (Owner)","Vincent Fiumidinisi (608753)","Mark F Strickland (603622)","Facility Account","2022","951156","953229","2074",
"ARP","000568FACLTY","Bridgeport Harbor Station","568",,"CT","1","NPCC",,,"PSEG Power Connecticut, LLC (Operator)<br>PSEG Power Connecticut, LLC (Owner)","Vincent Fiumidinisi (608753)","Mark F Strickland (603622)","Facility Account","2022","953230","957947","4718",
"ARP","000568FACLTY","Bridgeport Harbor Station","568",,"CT","1","NPCC",,,"PSEG Power Connecticut, LLC (Operator)<br>PSEG Power Connecticut, LLC (Owner)","Vincent Fiumidinisi (608753)","Mark F Strickland (603622)","Facility Account","2022","957948","969406","11459",
"ARP","000568FACLTY","Bridgeport Harbor Station","568",,"CT","1","NPCC",,,"PSEG Power Connecticut, LLC (Operator)<br>PSEG Power Connecticut, LLC (Owner)","Vincent Fiumidinisi (608753)","Mark F Strickland (603622)","Facility Account","2023","679619","679626","8",
"ARP","000568FACLTY","Bridgeport Harbor Station","568",,"CT","1","NPCC",,,"PSEG Power Connecticut, LLC (Operator)<br>PSEG Power Connecticut, LLC (Owner)","Vincent Fiumidinisi (608753)","Mark F Strickland (603622)","Facility Account","2023","679627","679643","17",
"ARP","000568FACLTY","Bridgeport Harbor Station","568",,"CT","1","NPCC",,,"PSEG Power Connecticut, LLC (Operator)<br>PSEG Power Connecticut, LLC (Owner)","Vincent Fiumidinisi (608753)","Mark F Strickland (603622)","Facility Account","2023","679644","679685","42",
"ARP","000568FACLTY","Bridgeport Harbor Station","568",,"CT","1","NPCC",,,"PSEG Power Connecticut, LLC (Operator)<br>PSEG Power Connecticut, LLC (Owner)","Vincent Fiumidinisi (608753)","Mark F Strickland (603622)","Facility Account","2023","951156","953229","2074",
"ARP","000568FACLTY","Bridgeport Harbor Station","568",,"CT","1","NPCC",,,"PSEG Power Connecticut, LLC (Operator)<br>PSEG Power Connecticut, LLC (Owner)","Vincent Fiumidinisi (608753)","Mark F Strickland (603622)","Facility Account","2023","953230","957947","4718",
"ARP","000568FACLTY","Bridgeport Harbor Station","568",,"CT","1","NPCC",,,"PSEG Power Connecticut, LLC (Operator)<br>PSEG Power Connecticut, LLC (Owner)","Vincent Fiumidinisi (608753)","Mark F Strickland (603622)","Facility Account","2023","957948","969406","11459",
"ARP","000568FACLTY","Bridgeport Harbor Station","568",,"CT","1","NPCC",,,"PSEG Power Connecticut, LLC (Operator)<br>PSEG Power Connecticut, LLC (Owner)","Vincent Fiumidinisi (608753)","Mark F Strickland (603622)","Facility Account","2024","679619","679626","8",
"ARP","000568FACLTY","Bridgeport Harbor Station","568",,"CT","1","NPCC",,,"PSEG Power Connecticut, LLC (Operator)<br>PSEG Power Connecticut, LLC (Owner)","Vincent Fiumidinisi (608753)","Mark F Strickland (603622)","Facility Account","2024","679627","679643","17",
"ARP","000568FACLTY","Bridgeport Harbor Station","568",,"CT","1","NPCC",,,"PSEG Power Connecticut, LLC (Operator)<br>PSEG Power Connecticut, LLC (Owner)","Vincent Fiumidinisi (608753)","Mark F Strickland (603622)","Facility Account","2024","679644","679685","42",
"ARP","000568FACLTY","Bridgeport Harbor Station","568",,"CT","1","NPCC",,,"PSEG Power Connecticut, LLC (Operator)<br>PSEG Power Connecticut, LLC (Owner)","Vincent Fiumidinisi (608753)","Mark F Strickland (603622)","Facility Account","2024","951156","953229","2074",
"ARP","000568FACLTY","Bridgeport Harbor Station","568",,"CT","1","NPCC",,,"PSEG Power Connecticut, LLC (Operator)<br>PSEG Power Connecticut, LLC (Owner)","Vincent Fiumidinisi (608753)","Mark F Strickland (603622)","Facility Account","2024","953230","957947","4718",
"ARP","000568FACLTY","Bridgeport Harbor Station","568",,"CT","1","NPCC",,,"PSEG Power Connecticut, LLC (Operator)<br>PSEG Power Connecticut, LLC (Owner)","Vincent Fiumidinisi (608753)","Mark F Strickland (603622)","Facility Account","2024","957948","969406","11459",
"ARP","000568FACLTY","Bridgeport Harbor Station","568",,"CT","1","NPCC",,,"PSEG Power Connecticut, LLC (Operator)<br>PSEG Power Connecticut, LLC (Owner)","Vincent Fiumidinisi (608753)","Mark F Strickland (603622)","Facility Account","2025","679619","679626","8",
"ARP","000568FACLTY","Bridgeport Harbor Station","568",,"CT","1","NPCC",,,"PSEG Power Connecticut, LLC (Operator)<br>PSEG Power Connecticut, LLC (Owner)","Vincent Fiumidinisi (608753)","Mark F Strickland (603622)","Facility Account","2025","679627","679643","17",
"ARP","000568FACLTY","Bridgeport Harbor Station","568",,"CT","1","NPCC",,,"PSEG Power Connecticut, LLC (Operator)<br>PSEG Power Connecticut, LLC (Owner)","Vincent Fiumidinisi (608753)","Mark F Strickland (603622)","Facility Account","2025","679644","679685","42",
"ARP","000568FACLTY","Bridgeport Harbor Station","568",,"CT","1","NPCC",,,"PSEG Power Connecticut, LLC (Operator)<br>PSEG Power Connecticut, LLC (Owner)","Vincent Fiumidinisi (608753)","Mark F Strickland (603622)","Facility Account","2025","951156","953229","2074",
"ARP","000568FACLTY","Bridgeport Harbor Station","568",,"CT","1","NPCC",,,"PSEG Power Connecticut, LLC (Operator)<br>PSEG Power Connecticut, LLC (Owner)","Vincent Fiumidinisi (608753)","Mark F Strickland (603622)","Facility Account","2025","953230","957947","4718",
"ARP","000568FACLTY","Bridgeport Harbor Station","568",,"CT","1","NPCC",,,"PSEG Power Connecticut, LLC (Operator)<br>PSEG Power Connecticut, LLC (Owner)","Vincent Fiumidinisi (608753)","Mark F Strickland (603622)","Facility Account","2025","957948","969406","11459",
"ARP","000568FACLTY","Bridgeport Harbor Station","568",,"CT","1","NPCC",,,"PSEG Power Connecticut, LLC (Operator)<br>PSEG Power Connecticut, LLC (Owner)","Vincent Fiumidinisi (608753)","Mark F Strickland (603622)","Facility Account","2026","679619","679626","8",
"ARP","000568FACLTY","Bridgeport Harbor Station","568",,"CT","1","NPCC",,,"PSEG Power Connecticut, LLC (Operator)<br>PSEG Power Connecticut, LLC (Owner)","Vincent Fiumidinisi (608753)","Mark F Strickland (603622)","Facility Account","2026","679627","679643","17",
"ARP","000568FACLTY","Bridgeport Harbor Station","568",,"CT","1","NPCC",,,"PSEG Power Connecticut, LLC (Operator)<br>PSEG Power Connecticut, LLC (Owner)","Vincent Fiumidinisi (608753)","Mark F Strickland (603622)","Facility Account","2026","679644","679685","42",
"ARP","000568FACLTY","Bridgeport Harbor Station","568",,"CT","1","NPCC",,,"PSEG Power Connecticut, LLC (Operator)<br>PSEG Power Connecticut, LLC (Owner)","Vincent Fiumidinisi (608753)","Mark F Strickland (603622)","Facility Account","2026","951156","953229","2074",
"ARP","000568FACLTY","Bridgeport Harbor Station","568",,"CT","1","NPCC",,,"PSEG Power Connecticut, LLC (Operator)<br>PSEG Power Connecticut, LLC (Owner)","Vincent Fiumidinisi (608753)","Mark F Strickland (603622)","Facility Account","2026","953230","957947","4718",
"ARP","000568FACLTY","Bridgeport Harbor Station","568",,"CT","1","NPCC",,,"PSEG Power Connecticut, LLC (Operator)<br>PSEG Power Connecticut, LLC (Owner)","Vincent Fiumidinisi (608753)","Mark F Strickland (603622)","Facility Account","2026","957948","969406","11459",
"ARP","000568FACLTY","Bridgeport Harbor Station","568",,"CT","1","NPCC",,,"PSEG Power Connecticut, LLC (Operator)<br>PSEG Power Connecticut, LLC (Owner)","Vincent Fiumidinisi (608753)","Mark F Strickland (603622)","Facility Account","2027","679619","679626","8",
"ARP","000568FACLTY","Bridgeport Harbor Station","568",,"CT","1","NPCC",,,"PSEG Power Connecticut, LLC (Operator)<br>PSEG Power Connecticut, LLC (Owner)","Vincent Fiumidinisi (608753)","Mark F Strickland (603622)","Facility Account","2027","679627","679643","17",
"ARP","000568FACLTY","Bridgeport Harbor Station","568",,"CT","1","NPCC",,,"PSEG Power Connecticut, LLC (Operator)<br>PSEG Power Connecticut, LLC (Owner)","Vincent Fiumidinisi (608753)","Mark F Strickland (603622)","Facility Account","2027","679644","679685","42",
"ARP","000568FACLTY","Bridgeport Harbor Station","568",,"CT","1","NPCC",,,"PSEG Power Connecticut, LLC (Operator)<br>PSEG Power Connecticut, LLC (Owner)","Vincent Fiumidinisi (608753)","Mark F Strickland (603622)","Facility Account","2027","951156","953229","2074",
"ARP","000568FACLTY","Bridgeport Harbor Station","568",,"CT","1","NPCC",,,"PSEG Power Connecticut, LLC (Operator)<br>PSEG Power Connecticut, LLC (Owner)","Vincent Fiumidinisi (608753)","Mark F Strickland (603622)","Facility Account","2027","953230","957947","4718",
"ARP","000568FACLTY","Bridgeport Harbor Station","568",,"CT","1","NPCC",,,"PSEG Power Connecticut, LLC (Operator)<br>PSEG Power Connecticut, LLC (Owner)","Vincent Fiumidinisi (608753)","Mark F Strickland (603622)","Facility Account","2027","957948","969406","11459",
"ARP","000568FACLTY","Bridgeport Harbor Station","568",,"CT","1","NPCC",,,"PSEG Power Connecticut, LLC (Operator)<br>PSEG Power Connecticut, LLC (Owner)","Vincent Fiumidinisi (608753)","Mark F Strickland (603622)","Facility Account","2028","679619","679626","8",
"ARP","000568FACLTY","Bridgeport Harbor Station","568",,"CT","1","NPCC",,,"PSEG Power Connecticut, LLC (Operator)<br>PSEG Power Connecticut, LLC (Owner)","Vincent Fiumidinisi (608753)","Mark F Strickland (603622)","Facility Account","2028","679627","679643","17",
"ARP","000568FACLTY","Bridgeport Harbor Station","568",,"CT","1","NPCC",,,"PSEG Power Connecticut, LLC (Operator)<br>PSEG Power Connecticut, LLC (Owner)","Vincent Fiumidinisi (608753)","Mark F Strickland (603622)","Facility Account","2028","679644","679685","42",
"ARP","000568FACLTY","Bridgeport Harbor Station","568",,"CT","1","NPCC",,,"PSEG Power Connecticut, LLC (Operator)<br>PSEG Power Connecticut, LLC (Owner)","Vincent Fiumidinisi (608753)","Mark F Strickland (603622)","Facility Account","2028","951156","953229","2074",
"ARP","000568FACLTY","Bridgeport Harbor Station","568",,"CT","1","NPCC",,,"PSEG Power Connecticut, LLC (Operator)<br>PSEG Power Connecticut, LLC (Owner)","Vincent Fiumidinisi (608753)","Mark F Strickland (603622)","Facility Account","2028","953230","957947","4718",
"ARP","000568FACLTY","Bridgeport Harbor Station","568",,"CT","1","NPCC",,,"PSEG Power Connecticut, LLC (Operator)<br>PSEG Power Connecticut, LLC (Owner)","Vincent Fiumidinisi (608753)","Mark F Strickland (603622)","Facility Account","2028","957948","969406","11459",
"ARP","000568FACLTY","Bridgeport Harbor Station","568",,"CT","1","NPCC",,,"PSEG Power Connecticut, LLC (Operator)<br>PSEG Power Connecticut, LLC (Owner)","Vincent Fiumidinisi (608753)","Mark F Strickland (603622)","Facility Account","2029","679619","679626","8",
"ARP","000568FACLTY","Bridgeport Harbor Station","568",,"CT","1","NPCC",,,"PSEG Power Connecticut, LLC (Operator)<br>PSEG Power Connecticut, LLC (Owner)","Vincent Fiumidinisi (608753)","Mark F Strickland (603622)","Facility Account","2029","679627","679643","17",
"ARP","000568FACLTY","Bridgeport Harbor Station","568",,"CT","1","NPCC",,,"PSEG Power Connecticut, LLC (Operator)<br>PSEG Power Connecticut, LLC (Owner)","Vincent Fiumidinisi (608753)","Mark F Strickland (603622)","Facility Account","2029","679644","679685","42",
"ARP","000568FACLTY","Bridgeport Harbor Station","568",,"CT","1","NPCC",,,"PSEG Power Connecticut, LLC (Operator)<br>PSEG Power Connecticut, LLC (Owner)","Vincent Fiumidinisi (608753)","Mark F Strickland (603622)","Facility Account","2029","951156","953229","2074",
"ARP","000568FACLTY","Bridgeport Harbor Station","568",,"CT","1","NPCC",,,"PSEG Power Connecticut, LLC (Operator)<br>PSEG Power Connecticut, LLC (Owner)","Vincent Fiumidinisi (608753)","Mark F Strickland (603622)","Facility Account","2029","953230","957947","4718",
"ARP","000568FACLTY","Bridgeport Harbor Station","568",,"CT","1","NPCC",,,"PSEG Power Connecticut, LLC (Operator)<br>PSEG Power Connecticut, LLC (Owner)","Vincent Fiumidinisi (608753)","Mark F Strickland (603622)","Facility Account","2029","957948","969406","11459",
"ARP","000568FACLTY","Bridgeport Harbor Station","568",,"CT","1","NPCC",,,"PSEG Power Connecticut, LLC (Operator)<br>PSEG Power Connecticut, LLC (Owner)","Vincent Fiumidinisi (608753)","Mark F Strickland (603622)","Facility Account","2030","679619","679626","8",
"ARP","000568FACLTY","Bridgeport Harbor Station","568",,"CT","1","NPCC",,,"PSEG Power Connecticut, LLC (Operator)<br>PSEG Power Connecticut, LLC (Owner)","Vincent Fiumidinisi (608753)","Mark F Strickland (603622)","Facility Account","2030","679627","679643","17",
"ARP","000568FACLTY","Bridgeport Harbor Station","568",,"CT","1","NPCC",,,"PSEG Power Connecticut, LLC (Operator)<br>PSEG Power Connecticut, LLC (Owner)","Vincent Fiumidinisi (608753)","Mark F Strickland (603622)","Facility Account","2030","679644","679685","42",
"ARP","000568FACLTY","Bridgeport Harbor Station","568",,"CT","1","NPCC",,,"PSEG Power Connecticut, LLC (Operator)<br>PSEG Power Connecticut, LLC (Owner)","Vincent Fiumidinisi (608753)","Mark F Strickland (603622)","Facility Account","2030","951156","953229","2074",
"ARP","000568FACLTY","Bridgeport Harbor Station","568",,"CT","1","NPCC",,,"PSEG Power Connecticut, LLC (Operator)<br>PSEG Power Connecticut, LLC (Owner)","Vincent Fiumidinisi (608753)","Mark F Strickland (603622)","Facility Account","2030","953230","957947","4718",
"ARP","000568FACLTY","Bridgeport Harbor Station","568",,"CT","1","NPCC",,,"PSEG Power Connecticut, LLC (Operator)<br>PSEG Power Connecticut, LLC (Owner)","Vincent Fiumidinisi (608753)","Mark F Strickland (603622)","Facility Account","2030","957948","969406","11459",
"ARP","000568FACLTY","Bridgeport Harbor Station","568",,"CT","1","NPCC",,,"PSEG Power Connecticut, LLC (Operator)<br>PSEG Power Connecticut, LLC (Owner)","Vincent Fiumidinisi (608753)","Mark F Strickland (603622)","Facility Account","2031","679619","679626","8",
"ARP","000568FACLTY","Bridgeport Harbor Station","568",,"CT","1","NPCC",,,"PSEG Power Connecticut, LLC (Operator)<br>PSEG Power Connecticut, LLC (Owner)","Vincent Fiumidinisi (608753)","Mark F Strickland (603622)","Facility Account","2031","679627","679643","17",
"ARP","000568FACLTY","Bridgeport Harbor Station","568",,"CT","1","NPCC",,,"PSEG Power Connecticut, LLC (Operator)<br>PSEG Power Connecticut, LLC (Owner)","Vincent Fiumidinisi (608753)","Mark F Strickland (603622)","Facility Account","2031","679644","679685","42",
"ARP","000568FACLTY","Bridgeport Harbor Station","568",,"CT","1","NPCC",,,"PSEG Power Connecticut, LLC (Operator)<br>PSEG Power Connecticut, LLC (Owner)","Vincent Fiumidinisi (608753)","Mark F Strickland (603622)","Facility Account","2031","951156","953229","2074",
"ARP","000568FACLTY","Bridgeport Harbor Station","568",,"CT","1","NPCC",,,"PSEG Power Connecticut, LLC (Operator)<br>PSEG Power Connecticut, LLC (Owner)","Vincent Fiumidinisi (608753)","Mark F Strickland (603622)","Facility Account","2031","953230","957947","4718",
"ARP","000568FACLTY","Bridgeport Harbor Station","568",,"CT","1","NPCC",,,"PSEG Power Connecticut, LLC (Operator)<br>PSEG Power Connecticut, LLC (Owner)","Vincent Fiumidinisi (608753)","Mark F Strickland (603622)","Facility Account","2031","957948","969406","11459",
"ARP","000568FACLTY","Bridgeport Harbor Station","568",,"CT","1","NPCC",,,"PSEG Power Connecticut, LLC (Operator)<br>PSEG Power Connecticut, LLC (Owner)","Vincent Fiumidinisi (608753)","Mark F Strickland (603622)","Facility Account","2032","679619","679626","8",
"ARP","000568FACLTY","Bridgeport Harbor Station","568",,"CT","1","NPCC",,,"PSEG Power Connecticut, LLC (Operator)<br>PSEG Power Connecticut, LLC (Owner)","Vincent Fiumidinisi (608753)","Mark F Strickland (603622)","Facility Account","2032","679627","679643","17",
"ARP","000568FACLTY","Bridgeport Harbor Station","568",,"CT","1","NPCC",,,"PSEG Power Connecticut, LLC (Operator)<br>PSEG Power Connecticut, LLC (Owner)","Vincent Fiumidinisi (608753)","Mark F Strickland (603622)","Facility Account","2032","679644","679685","42",
"ARP","000568FACLTY","Bridgeport Harbor Station","568",,"CT","1","NPCC",,,"PSEG Power Connecticut, LLC (Operator)<br>PSEG Power Connecticut, LLC (Owner)","Vincent Fiumidinisi (608753)","Mark F Strickland (603622)","Facility Account","2032","951156","953229","2074",
"ARP","000568FACLTY","Bridgeport Harbor Station","568",,"CT","1","NPCC",,,"PSEG Power Connecticut, LLC (Operator)<br>PSEG Power Connecticut, LLC (Owner)","Vincent Fiumidinisi (608753)","Mark F Strickland (603622)","Facility Account","2032","953230","957947","4718",
"ARP","000568FACLTY","Bridgeport Harbor Station","568",,"CT","1","NPCC",,,"PSEG Power Connecticut, LLC (Operator)<br>PSEG Power Connecticut, LLC (Owner)","Vincent Fiumidinisi (608753)","Mark F Strickland (603622)","Facility Account","2032","957948","969406","11459",
"ARP","000568FACLTY","Bridgeport Harbor Station","568",,"CT","1","NPCC",,,"PSEG Power Connecticut, LLC (Operator)<br>PSEG Power Connecticut, LLC (Owner)","Vincent Fiumidinisi (608753)","Mark F Strickland (603622)","Facility Account","2033","679619","679626","8",
"ARP","000568FACLTY","Bridgeport Harbor Station","568",,"CT","1","NPCC",,,"PSEG Power Connecticut, LLC (Operator)<br>PSEG Power Connecticut, LLC (Owner)","Vincent Fiumidinisi (608753)","Mark F Strickland (603622)","Facility Account","2033","679627","679643","17",
"ARP","000568FACLTY","Bridgeport Harbor Station","568",,"CT","1","NPCC",,,"PSEG Power Connecticut, LLC (Operator)<br>PSEG Power Connecticut, LLC (Owner)","Vincent Fiumidinisi (608753)","Mark F Strickland (603622)","Facility Account","2033","679644","679685","42",
"ARP","000568FACLTY","Bridgeport Harbor Station","568",,"CT","1","NPCC",,,"PSEG Power Connecticut, LLC (Operator)<br>PSEG Power Connecticut, LLC (Owner)","Vincent Fiumidinisi (608753)","Mark F Strickland (603622)","Facility Account","2033","951156","953229","2074",
"ARP","000568FACLTY","Bridgeport Harbor Station","568",,"CT","1","NPCC",,,"PSEG Power Connecticut, LLC (Operator)<br>PSEG Power Connecticut, LLC (Owner)","Vincent Fiumidinisi (608753)","Mark F Strickland (603622)","Facility Account","2033","953230","957947","4718",
"ARP","000568FACLTY","Bridgeport Harbor Station","568",,"CT","1","NPCC",,,"PSEG Power Connecticut, LLC (Operator)<br>PSEG Power Connecticut, LLC (Owner)","Vincent Fiumidinisi (608753)","Mark F Strickland (603622)","Facility Account","2033","957948","969406","11459",
"ARP","000568FACLTY","Bridgeport Harbor Station","568",,"CT","1","NPCC",,,"PSEG Power Connecticut, LLC (Operator)<br>PSEG Power Connecticut, LLC (Owner)","Vincent Fiumidinisi (608753)","Mark F Strickland (603622)","Facility Account","2034","679619","679626","8",
"ARP","000568FACLTY","Bridgeport Harbor Station","568",,"CT","1","NPCC",,,"PSEG Power Connecticut, LLC (Operator)<br>PSEG Power Connecticut, LLC (Owner)","Vincent Fiumidinisi (608753)","Mark F Strickland (603622)","Facility Account","2034","679627","679643","17",
"ARP","000568FACLTY","Bridgeport Harbor Station","568",,"CT","1","NPCC",,,"PSEG Power Connecticut, LLC (Operator)<br>PSEG Power Connecticut, LLC (Owner)","Vincent Fiumidinisi (608753)","Mark F Strickland (603622)","Facility Account","2034","679644","679685","42",
"ARP","000568FACLTY","Bridgeport Harbor Station","568",,"CT","1","NPCC",,,"PSEG Power Connecticut, LLC (Operator)<br>PSEG Power Connecticut, LLC (Owner)","Vincent Fiumidinisi (608753)","Mark F Strickland (603622)","Facility Account","2034","951156","953229","2074",
"ARP","000568FACLTY","Bridgeport Harbor Station","568",,"CT","1","NPCC",,,"PSEG Power Connecticut, LLC (Operator)<br>PSEG Power Connecticut, LLC (Owner)","Vincent Fiumidinisi (608753)","Mark F Strickland (603622)","Facility Account","2034","953230","957947","4718",
"ARP","000568FACLTY","Bridgeport Harbor Station","568",,"CT","1","NPCC",,,"PSEG Power Connecticut, LLC (Operator)<br>PSEG Power Connecticut, LLC (Owner)","Vincent Fiumidinisi (608753)","Mark F Strickland (603622)","Facility Account","2034","957948","969406","11459",
"ARP","000568FACLTY","Bridgeport Harbor Station","568",,"CT","1","NPCC",,,"PSEG Power Connecticut, LLC (Operator)<br>PSEG Power Connecticut, LLC (Owner)","Vincent Fiumidinisi (608753)","Mark F Strickland (603622)","Facility Account","2035","679619","679626","8",
"ARP","000568FACLTY","Bridgeport Harbor Station","568",,"CT","1","NPCC",,,"PSEG Power Connecticut, LLC (Operator)<br>PSEG Power Connecticut, LLC (Owner)","Vincent Fiumidinisi (608753)","Mark F Strickland (603622)","Facility Account","2035","679627","679643","17",
"ARP","000568FACLTY","Bridgeport Harbor Station","568",,"CT","1","NPCC",,,"PSEG Power Connecticut, LLC (Operator)<br>PSEG Power Connecticut, LLC (Owner)","Vincent Fiumidinisi (608753)","Mark F Strickland (603622)","Facility Account","2035","679644","679685","42",
"ARP","000568FACLTY","Bridgeport Harbor Station","568",,"CT","1","NPCC",,,"PSEG Power Connecticut, LLC (Operator)<br>PSEG Power Connecticut, LLC (Owner)","Vincent Fiumidinisi (608753)","Mark F Strickland (603622)","Facility Account","2035","951156","953229","2074",
"ARP","000568FACLTY","Bridgeport Harbor Station","568",,"CT","1","NPCC",,,"PSEG Power Connecticut, LLC (Operator)<br>PSEG Power Connecticut, LLC (Owner)","Vincent Fiumidinisi (608753)","Mark F Strickland (603622)","Facility Account","2035","953230","957947","4718",
"ARP","000568FACLTY","Bridgeport Harbor Station","568",,"CT","1","NPCC",,,"PSEG Power Connecticut, LLC (Operator)<br>PSEG Power Connecticut, LLC (Owner)","Vincent Fiumidinisi (608753)","Mark F Strickland (603622)","Facility Account","2035","957948","969406","11459",
"ARP","000568FACLTY","Bridgeport Harbor Station","568",,"CT","1","NPCC",,,"PSEG Power Connecticut, LLC (Operator)<br>PSEG Power Connecticut, LLC (Owner)","Vincent Fiumidinisi (608753)","Mark F Strickland (603622)","Facility Account","2036","679619","679626","8",
"ARP","000568FACLTY","Bridgeport Harbor Station","568",,"CT","1","NPCC",,,"PSEG Power Connecticut, LLC (Operator)<br>PSEG Power Connecticut, LLC (Owner)","Vincent Fiumidinisi (608753)","Mark F Strickland (603622)","Facility Account","2036","679627","679643","17",
"ARP","000568FACLTY","Bridgeport Harbor Station","568",,"CT","1","NPCC",,,"PSEG Power Connecticut, LLC (Operator)<br>PSEG Power Connecticut, LLC (Owner)","Vincent Fiumidinisi (608753)","Mark F Strickland (603622)","Facility Account","2036","679644","679685","42",
"ARP","000568FACLTY","Bridgeport Harbor Station","568",,"CT","1","NPCC",,,"PSEG Power Connecticut, LLC (Operator)<br>PSEG Power Connecticut, LLC (Owner)","Vincent Fiumidinisi (608753)","Mark F Strickland (603622)","Facility Account","2036","951156","953229","2074",
"ARP","000568FACLTY","Bridgeport Harbor Station","568",,"CT","1","NPCC",,,"PSEG Power Connecticut, LLC (Operator)<br>PSEG Power Connecticut, LLC (Owner)","Vincent Fiumidinisi (608753)","Mark F Strickland (603622)","Facility Account","2036","953230","957947","4718",
"ARP","000568FACLTY","Bridgeport Harbor Station","568",,"CT","1","NPCC",,,"PSEG Power Connecticut, LLC (Operator)<br>PSEG Power Connecticut, LLC (Owner)","Vincent Fiumidinisi (608753)","Mark F Strickland (603622)","Facility Account","2036","957948","969406","11459",
"ARP","000568FACLTY","Bridgeport Harbor Station","568",,"CT","1","NPCC",,,"PSEG Power Connecticut, LLC (Operator)<br>PSEG Power Connecticut, LLC (Owner)","Vincent Fiumidinisi (608753)","Mark F Strickland (603622)","Facility Account","2037","679619","679626","8",
"ARP","000568FACLTY","Bridgeport Harbor Station","568",,"CT","1","NPCC",,,"PSEG Power Connecticut, LLC (Operator)<br>PSEG Power Connecticut, LLC (Owner)","Vincent Fiumidinisi (608753)","Mark F Strickland (603622)","Facility Account","2037","679627","679643","17",
"ARP","000568FACLTY","Bridgeport Harbor Station","568",,"CT","1","NPCC",,,"PSEG Power Connecticut, LLC (Operator)<br>PSEG Power Connecticut, LLC (Owner)","Vincent Fiumidinisi (608753)","Mark F Strickland (603622)","Facility Account","2037","679644","679685","42",
"ARP","000568FACLTY","Bridgeport Harbor Station","568",,"CT","1","NPCC",,,"PSEG Power Connecticut, LLC (Operator)<br>PSEG Power Connecticut, LLC (Owner)","Vincent Fiumidinisi (608753)","Mark F Strickland (603622)","Facility Account","2037","951156","953229","2074",
"ARP","000568FACLTY","Bridgeport Harbor Station","568",,"CT","1","NPCC",,,"PSEG Power Connecticut, LLC (Operator)<br>PSEG Power Connecticut, LLC (Owner)","Vincent Fiumidinisi (608753)","Mark F Strickland (603622)","Facility Account","2037","953230","957947","4718",
"ARP","000568FACLTY","Bridgeport Harbor Station","568",,"CT","1","NPCC",,,"PSEG Power Connecticut, LLC (Operator)<br>PSEG Power Connecticut, LLC (Owner)","Vincent Fiumidinisi (608753)","Mark F Strickland (603622)","Facility Account","2037","957948","969406","11459",
"ARP","000568FACLTY","Bridgeport Harbor Station","568",,"CT","1","NPCC",,,"PSEG Power Connecticut, LLC (Operator)<br>PSEG Power Connecticut, LLC (Owner)","Vincent Fiumidinisi (608753)","Mark F Strickland (603622)","Facility Account","2038","679619","679626","8",
"ARP","000568FACLTY","Bridgeport Harbor Station","568",,"CT","1","NPCC",,,"PSEG Power Connecticut, LLC (Operator)<br>PSEG Power Connecticut, LLC (Owner)","Vincent Fiumidinisi (608753)","Mark F Strickland (603622)","Facility Account","2038","679627","679643","17",
"ARP","000568FACLTY","Bridgeport Harbor Station","568",,"CT","1","NPCC",,,"PSEG Power Connecticut, LLC (Operator)<br>PSEG Power Connecticut, LLC (Owner)","Vincent Fiumidinisi (608753)","Mark F Strickland (603622)","Facility Account","2038","679644","679685","42",
"ARP","000568FACLTY","Bridgeport Harbor Station","568",,"CT","1","NPCC",,,"PSEG Power Connecticut, LLC (Operator)<br>PSEG Power Connecticut, LLC (Owner)","Vincent Fiumidinisi (608753)","Mark F Strickland (603622)","Facility Account","2038","951156","953229","2074",
"ARP","000568FACLTY","Bridgeport Harbor Station","568",,"CT","1","NPCC",,,"PSEG Power Connecticut, LLC (Operator)<br>PSEG Power Connecticut, LLC (Owner)","Vincent Fiumidinisi (608753)","Mark F Strickland (603622)","Facility Account","2038","953230","957947","4718",
"ARP","000568FACLTY","Bridgeport Harbor Station","568",,"CT","1","NPCC",,,"PSEG Power Connecticut, LLC (Operator)<br>PSEG Power Connecticut, LLC (Owner)","Vincent Fiumidinisi (608753)","Mark F Strickland (603622)","Facility Account","2038","957948","969406","11459",
"ARP","000568FACLTY","Bridgeport Harbor Station","568",,"CT","1","NPCC",,,"PSEG Power Connecticut, LLC (Operator)<br>PSEG Power Connecticut, LLC (Owner)","Vincent Fiumidinisi (608753)","Mark F Strickland (603622)","Facility Account","2039","679619","679626","8",
"ARP","000568FACLTY","Bridgeport Harbor Station","568",,"CT","1","NPCC",,,"PSEG Power Connecticut, LLC (Operator)<br>PSEG Power Connecticut, LLC (Owner)","Vincent Fiumidinisi (608753)","Mark F Strickland (603622)","Facility Account","2039","679627","679643","17",
"ARP","000568FACLTY","Bridgeport Harbor Station","568",,"CT","1","NPCC",,,"PSEG Power Connecticut, LLC (Operator)<br>PSEG Power Connecticut, LLC (Owner)","Vincent Fiumidinisi (608753)","Mark F Strickland (603622)","Facility Account","2039","679644","679685","42",
"ARP","000568FACLTY","Bridgeport Harbor Station","568",,"CT","1","NPCC",,,"PSEG Power Connecticut, LLC (Operator)<br>PSEG Power Connecticut, LLC (Owner)","Vincent Fiumidinisi (608753)","Mark F Strickland (603622)","Facility Account","2039","951156","953229","2074",
"ARP","000568FACLTY","Bridgeport Harbor Station","568",,"CT","1","NPCC",,,"PSEG Power Connecticut, LLC (Operator)<br>PSEG Power Connecticut, LLC (Owner)","Vincent Fiumidinisi (608753)","Mark F Strickland (603622)","Facility Account","2039","953230","957947","4718",
"ARP","000568FACLTY","Bridgeport Harbor Station","568",,"CT","1","NPCC",,,"PSEG Power Connecticut, LLC (Operator)<br>PSEG Power Connecticut, LLC (Owner)","Vincent Fiumidinisi (608753)","Mark F Strickland (603622)","Facility Account","2039","957948","969406","11459",
"ARP","000568FACLTY","Bridgeport Harbor Station","568",,"CT","1","NPCC",,,"PSEG Power Connecticut, LLC (Operator)<br>PSEG Power Connecticut, LLC (Owner)","Vincent Fiumidinisi (608753)","Mark F Strickland (603622)","Facility Account","2040","679619","679626","8",
"ARP","000568FACLTY","Bridgeport Harbor Station","568",,"CT","1","NPCC",,,"PSEG Power Connecticut, LLC (Operator)<br>PSEG Power Connecticut, LLC (Owner)","Vincent Fiumidinisi (608753)","Mark F Strickland (603622)","Facility Account","2040","679627","679643","17",
"ARP","000568FACLTY","Bridgeport Harbor Station","568",,"CT","1","NPCC",,,"PSEG Power Connecticut, LLC (Operator)<br>PSEG Power Connecticut, LLC (Owner)","Vincent Fiumidinisi (608753)","Mark F Strickland (603622)","Facility Account","2040","679644","679685","42",
"ARP","000568FACLTY","Bridgeport Harbor Station","568",,"CT","1","NPCC",,,"PSEG Power Connecticut, LLC (Operator)<br>PSEG Power Connecticut, LLC (Owner)","Vincent Fiumidinisi (608753)","Mark F Strickland (603622)","Facility Account","2040","951156","953229","2074",
"ARP","000568FACLTY","Bridgeport Harbor Station","568",,"CT","1","NPCC",,,"PSEG Power Connecticut, LLC (Operator)<br>PSEG Power Connecticut, LLC (Owner)","Vincent Fiumidinisi (608753)","Mark F Strickland (603622)","Facility Account","2040","953230","957947","4718",
"ARP","000568FACLTY","Bridgeport Harbor Station","568",,"CT","1","NPCC",,,"PSEG Power Connecticut, LLC (Operator)<br>PSEG Power Connecticut, LLC (Owner)","Vincent Fiumidinisi (608753)","Mark F Strickland (603622)","Facility Account","2040","957948","969406","11459",
"ARP","000568FACLTY","Bridgeport Harbor Station","568",,"CT","1","NPCC",,,"PSEG Power Connecticut, LLC (Operator)<br>PSEG Power Connecticut, LLC (Owner)","Vincent Fiumidinisi (608753)","Mark F Strickland (603622)","Facility Account","2041","679619","679626","8",
"ARP","000568FACLTY","Bridgeport Harbor Station","568",,"CT","1","NPCC",,,"PSEG Power Connecticut, LLC (Operator)<br>PSEG Power Connecticut, LLC (Owner)","Vincent Fiumidinisi (608753)","Mark F Strickland (603622)","Facility Account","2041","679627","679643","17",
"ARP","000568FACLTY","Bridgeport Harbor Station","568",,"CT","1","NPCC",,,"PSEG Power Connecticut, LLC (Operator)<br>PSEG Power Connecticut, LLC (Owner)","Vincent Fiumidinisi (608753)","Mark F Strickland (603622)","Facility Account","2041","679644","679685","42",
"ARP","000568FACLTY","Bridgeport Harbor Station","568",,"CT","1","NPCC",,,"PSEG Power Connecticut, LLC (Operator)<br>PSEG Power Connecticut, LLC (Owner)","Vincent Fiumidinisi (608753)","Mark F Strickland (603622)","Facility Account","2041","951156","953229","2074",
"ARP","000568FACLTY","Bridgeport Harbor Station","568",,"CT","1","NPCC",,,"PSEG Power Connecticut, LLC (Operator)<br>PSEG Power Connecticut, LLC (Owner)","Vincent Fiumidinisi (608753)","Mark F Strickland (603622)","Facility Account","2041","953230","957947","4718",
"ARP","000568FACLTY","Bridgeport Harbor Station","568",,"CT","1","NPCC",,,"PSEG Power Connecticut, LLC (Operator)<br>PSEG Power Connecticut, LLC (Owner)","Vincent Fiumidinisi (608753)","Mark F Strickland (603622)","Facility Account","2041","957948","969406","11459",
"ARP","000568FACLTY","Bridgeport Harbor Station","568",,"CT","1","NPCC",,,"PSEG Power Connecticut, LLC (Operator)<br>PSEG Power Connecticut, LLC (Owner)","Vincent Fiumidinisi (608753)","Mark F Strickland (603622)","Facility Account","2042","679619","679626","8",
"ARP","000568FACLTY","Bridgeport Harbor Station","568",,"CT","1","NPCC",,,"PSEG Power Connecticut, LLC (Operator)<br>PSEG Power Connecticut, LLC (Owner)","Vincent Fiumidinisi (608753)","Mark F Strickland (603622)","Facility Account","2042","679627","679643","17",
"ARP","000568FACLTY","Bridgeport Harbor Station","568",,"CT","1","NPCC",,,"PSEG Power Connecticut, LLC (Operator)<br>PSEG Power Connecticut, LLC (Owner)","Vincent Fiumidinisi (608753)","Mark F Strickland (603622)","Facility Account","2042","679644","679685","42",
"ARP","000568FACLTY","Bridgeport Harbor Station","568",,"CT","1","NPCC",,,"PSEG Power Connecticut, LLC (Operator)<br>PSEG Power Connecticut, LLC (Owner)","Vincent Fiumidinisi (608753)","Mark F Strickland (603622)","Facility Account","2042","951156","953229","2074",
"ARP","000568FACLTY","Bridgeport Harbor Station","568",,"CT","1","NPCC",,,"PSEG Power Connecticut, LLC (Operator)<br>PSEG Power Connecticut, LLC (Owner)","Vincent Fiumidinisi (608753)","Mark F Strickland (603622)","Facility Account","2042","953230","957947","4718",
"ARP","000568FACLTY","Bridgeport Harbor Station","568",,"CT","1","NPCC",,,"PSEG Power Connecticut, LLC (Operator)<br>PSEG Power Connecticut, LLC (Owner)","Vincent Fiumidinisi (608753)","Mark F Strickland (603622)","Facility Account","2042","957948","969406","11459",
"ARP","000568FACLTY","Bridgeport Harbor Station","568",,"CT","1","NPCC",,,"PSEG Power Connecticut, LLC (Operator)<br>PSEG Power Connecticut, LLC (Owner)","Vincent Fiumidinisi (608753)","Mark F Strickland (603622)","Facility Account","2043","679619","679626","8",
"ARP","000568FACLTY","Bridgeport Harbor Station","568",,"CT","1","NPCC",,,"PSEG Power Connecticut, LLC (Operator)<br>PSEG Power Connecticut, LLC (Owner)","Vincent Fiumidinisi (608753)","Mark F Strickland (603622)","Facility Account","2043","679627","679643","17",
"ARP","000568FACLTY","Bridgeport Harbor Station","568",,"CT","1","NPCC",,,"PSEG Power Connecticut, LLC (Operator)<br>PSEG Power Connecticut, LLC (Owner)","Vincent Fiumidinisi (608753)","Mark F Strickland (603622)","Facility Account","2043","679644","679685","42",
"ARP","000568FACLTY","Bridgeport Harbor Station","568",,"CT","1","NPCC",,,"PSEG Power Connecticut, LLC (Operator)<br>PSEG Power Connecticut, LLC (Owner)","Vincent Fiumidinisi (608753)","Mark F Strickland (603622)","Facility Account","2043","951156","953229","2074",
"ARP","000568FACLTY","Bridgeport Harbor Station","568",,"CT","1","NPCC",,,"PSEG Power Connecticut, LLC (Operator)<br>PSEG Power Connecticut, LLC (Owner)","Vincent Fiumidinisi (608753)","Mark F Strickland (603622)","Facility Account","2043","953230","957947","4718",
"ARP","000568FACLTY","Bridgeport Harbor Station","568",,"CT","1","NPCC",,,"PSEG Power Connecticut, LLC (Operator)<br>PSEG Power Connecticut, LLC (Owner)","Vincent Fiumidinisi (608753)","Mark F Strickland (603622)","Facility Account","2043","957948","969406","11459",
"ARP","000568FACLTY","Bridgeport Harbor Station","568",,"CT","1","NPCC",,,"PSEG Power Connecticut, LLC (Operator)<br>PSEG Power Connecticut, LLC (Owner)","Vincent Fiumidinisi (608753)","Mark F Strickland (603622)","Facility Account","2044","679619","679626","8",
"ARP","000568FACLTY","Bridgeport Harbor Station","568",,"CT","1","NPCC",,,"PSEG Power Connecticut, LLC (Operator)<br>PSEG Power Connecticut, LLC (Owner)","Vincent Fiumidinisi (608753)","Mark F Strickland (603622)","Facility Account","2044","679627","679643","17",
"ARP","000568FACLTY","Bridgeport Harbor Station","568",,"CT","1","NPCC",,,"PSEG Power Connecticut, LLC (Operator)<br>PSEG Power Connecticut, LLC (Owner)","Vincent Fiumidinisi (608753)","Mark F Strickland (603622)","Facility Account","2044","679644","679685","42",
"ARP","000568FACLTY","Bridgeport Harbor Station","568",,"CT","1","NPCC",,,"PSEG Power Connecticut, LLC (Operator)<br>PSEG Power Connecticut, LLC (Owner)","Vincent Fiumidinisi (608753)","Mark F Strickland (603622)","Facility Account","2044","951156","953229","2074",
"ARP","000568FACLTY","Bridgeport Harbor Station","568",,"CT","1","NPCC",,,"PSEG Power Connecticut, LLC (Operator)<br>PSEG Power Connecticut, LLC (Owner)","Vincent Fiumidinisi (608753)","Mark F Strickland (603622)","Facility Account","2044","953230","957947","4718",
"ARP","000568FACLTY","Bridgeport Harbor Station","568",,"CT","1","NPCC",,,"PSEG Power Connecticut, LLC (Operator)<br>PSEG Power Connecticut, LLC (Owner)","Vincent Fiumidinisi (608753)","Mark F Strickland (603622)","Facility Account","2044","957948","969406","11459",
"ARP","000568FACLTY","Bridgeport Harbor Station","568",,"CT","1","NPCC",,,"PSEG Power Connecticut, LLC (Operator)<br>PSEG Power Connecticut, LLC (Owner)","Vincent Fiumidinisi (608753)","Mark F Strickland (603622)","Facility Account","2045","679619","679626","8",
"ARP","000568FACLTY","Bridgeport Harbor Station","568",,"CT","1","NPCC",,,"PSEG Power Connecticut, LLC (Operator)<br>PSEG Power Connecticut, LLC (Owner)","Vincent Fiumidinisi (608753)","Mark F Strickland (603622)","Facility Account","2045","679627","679643","17",
"ARP","000568FACLTY","Bridgeport Harbor Station","568",,"CT","1","NPCC",,,"PSEG Power Connecticut, LLC (Operator)<br>PSEG Power Connecticut, LLC (Owner)","Vincent Fiumidinisi (608753)","Mark F Strickland (603622)","Facility Account","2045","679644","679685","42",
"ARP","000568FACLTY","Bridgeport Harbor Station","568",,"CT","1","NPCC",,,"PSEG Power Connecticut, LLC (Operator)<br>PSEG Power Connecticut, LLC (Owner)","Vincent Fiumidinisi (608753)","Mark F Strickland (603622)","Facility Account","2045","951156","953229","2074",
"ARP","000568FACLTY","Bridgeport Harbor Station","568",,"CT","1","NPCC",,,"PSEG Power Connecticut, LLC (Operator)<br>PSEG Power Connecticut, LLC (Owner)","Vincent Fiumidinisi (608753)","Mark F Strickland (603622)","Facility Account","2045","953230","957947","4718",
"ARP","000568FACLTY","Bridgeport Harbor Station","568",,"CT","1","NPCC",,,"PSEG Power Connecticut, LLC (Operator)<br>PSEG Power Connecticut, LLC (Owner)","Vincent Fiumidinisi (608753)","Mark F Strickland (603622)","Facility Account","2045","957948","969406","11459",
"ARP","000568FACLTY","Bridgeport Harbor Station","568",,"CT","1","NPCC",,,"PSEG Power Connecticut, LLC (Operator)<br>PSEG Power Connecticut, LLC (Owner)","Vincent Fiumidinisi (608753)","Mark F Strickland (603622)","Facility Account","2046","679619","679626","8",
"ARP","000568FACLTY","Bridgeport Harbor Station","568",,"CT","1","NPCC",,,"PSEG Power Connecticut, LLC (Operator)<br>PSEG Power Connecticut, LLC (Owner)","Vincent Fiumidinisi (608753)","Mark F Strickland (603622)","Facility Account","2046","679627","679643","17",
"ARP","000568FACLTY","Bridgeport Harbor Station","568",,"CT","1","NPCC",,,"PSEG Power Connecticut, LLC (Operator)<br>PSEG Power Connecticut, LLC (Owner)","Vincent Fiumidinisi (608753)","Mark F Strickland (603622)","Facility Account","2046","679644","679685","42",
"ARP","000568FACLTY","Bridgeport Harbor Station","568",,"CT","1","NPCC",,,"PSEG Power Connecticut, LLC (Operator)<br>PSEG Power Connecticut, LLC (Owner)","Vincent Fiumidinisi (608753)","Mark F Strickland (603622)","Facility Account","2046","951156","953229","2074",
"ARP","000568FACLTY","Bridgeport Harbor Station","568",,"CT","1","NPCC",,,"PSEG Power Connecticut, LLC (Operator)<br>PSEG Power Connecticut, LLC (Owner)","Vincent Fiumidinisi (608753)","Mark F Strickland (603622)","Facility Account","2046","953230","957947","4718",
"ARP","000568FACLTY","Bridgeport Harbor Station","568",,"CT","1","NPCC",,,"PSEG Power Connecticut, LLC (Operator)<br>PSEG Power Connecticut, LLC (Owner)","Vincent Fiumidinisi (608753)","Mark F Strickland (603622)","Facility Account","2046","957948","969406","11459",
"ARP","000568FACLTY","Bridgeport Harbor Station","568",,"CT","1","NPCC",,,"PSEG Power Connecticut, LLC (Operator)<br>PSEG Power Connecticut, LLC (Owner)","Vincent Fiumidinisi (608753)","Mark F Strickland (603622)","Facility Account","2047","679619","679626","8",
"ARP","000568FACLTY","Bridgeport Harbor Station","568",,"CT","1","NPCC",,,"PSEG Power Connecticut, LLC (Operator)<br>PSEG Power Connecticut, LLC (Owner)","Vincent Fiumidinisi (608753)","Mark F Strickland (603622)","Facility Account","2047","679627","679643","17",
"ARP","000568FACLTY","Bridgeport Harbor Station","568",,"CT","1","NPCC",,,"PSEG Power Connecticut, LLC (Operator)<br>PSEG Power Connecticut, LLC (Owner)","Vincent Fiumidinisi (608753)","Mark F Strickland (603622)","Facility Account","2047","679644","679685","42",
"ARP","000568FACLTY","Bridgeport Harbor Station","568",,"CT","1","NPCC",,,"PSEG Power Connecticut, LLC (Operator)<br>PSEG Power Connecticut, LLC (Owner)","Vincent Fiumidinisi (608753)","Mark F Strickland (603622)","Facility Account","2047","951156","953229","2074",
"ARP","000568FACLTY","Bridgeport Harbor Station","568",,"CT","1","NPCC",,,"PSEG Power Connecticut, LLC (Operator)<br>PSEG Power Connecticut, LLC (Owner)","Vincent Fiumidinisi (608753)","Mark F Strickland (603622)","Facility Account","2047","953230","957947","4718",
"ARP","000568FACLTY","Bridgeport Harbor Station","568",,"CT","1","NPCC",,,"PSEG Power Connecticut, LLC (Operator)<br>PSEG Power Connecticut, LLC (Owner)","Vincent Fiumidinisi (608753)","Mark F Strickland (603622)","Facility Account","2047","957948","969406","11459",
"ARP","000568FACLTY","Bridgeport Harbor Station","568",,"CT","1","NPCC",,,"PSEG Power Connecticut, LLC (Operator)<br>PSEG Power Connecticut, LLC (Owner)","Vincent Fiumidinisi (608753)","Mark F Strickland (603622)","Facility Account","2048","679619","679626","8",
"ARP","000568FACLTY","Bridgeport Harbor Station","568",,"CT","1","NPCC",,,"PSEG Power Connecticut, LLC (Operator)<br>PSEG Power Connecticut, LLC (Owner)","Vincent Fiumidinisi (608753)","Mark F Strickland (603622)","Facility Account","2048","679627","679643","17",
"ARP","000568FACLTY","Bridgeport Harbor Station","568",,"CT","1","NPCC",,,"PSEG Power Connecticut, LLC (Operator)<br>PSEG Power Connecticut, LLC (Owner)","Vincent Fiumidinisi (608753)","Mark F Strickland (603622)","Facility Account","2048","679644","679685","42",
"ARP","000568FACLTY","Bridgeport Harbor Station","568",,"CT","1","NPCC",,,"PSEG Power Connecticut, LLC (Operator)<br>PSEG Power Connecticut, LLC (Owner)","Vincent Fiumidinisi (608753)","Mark F Strickland (603622)","Facility Account","2048","951156","953229","2074",
"ARP","000568FACLTY","Bridgeport Harbor Station","568",,"CT","1","NPCC",,,"PSEG Power Connecticut, LLC (Operator)<br>PSEG Power Connecticut, LLC (Owner)","Vincent Fiumidinisi (608753)","Mark F Strickland (603622)","Facility Account","2048","953230","957947","4718",
"ARP","000568FACLTY","Bridgeport Harbor Station","568",,"CT","1","NPCC",,,"PSEG Power Connecticut, LLC (Operator)<br>PSEG Power Connecticut, LLC (Owner)","Vincent Fiumidinisi (608753)","Mark F Strickland (603622)","Facility Account","2048","957948","969406","11459",
